station,total,nLesbian,pLesbian,nHask,pHask,nFask,pFask,nHomo,pHomo,label,x,y,lengthmean
abbesses,10,0.0,0.0,4.0,0.4,5.0,0.5,1.0,0.1,Abbesses,20.145,53.133,479.9
alesia,16,1.0,0.0625,2.0,0.125,13.0,0.8125,0.0,0.0,Alésia,19.439,49.748,397.5
alexandre-dumas,11,0.0,0.0,1.0,0.09090909090909091,9.0,0.8181818181818182,1.0,0.09090909090909091,Alexandre Dumas,23.508,51.464,375.0
alma-marceau,2,0.0,0.0,0.0,0.0,2.0,1.0,0.0,0.0,Alma — Marceau,17.91,51.947,564.0
anatole-france,12,0.0,0.0,3.0,0.25,7.0,0.5833333333333334,2.0,0.16666666666666666,Anatole France,16.941,53.597,474.6666666666667
anvers,10,0.0,0.0,2.0,0.2,7.0,0.7,1.0,0.1,Anvers,20.486,53.042,304.8
argentine,10,0.0,0.0,4.0,0.4,5.0,0.5,1.0,0.1,Argentine,17.175,52.613,436.9
arts-et-metiers,14,0.0,0.0,4.0,0.2857142857142857,6.0,0.42857142857142855,4.0,0.2857142857142857,Arts et Métiers,21.209,51.999,245.57142857142858
auber,38,0.0,0.0,8.0,0.21052631578947367,27.0,0.7105263157894737,3.0,0.07894736842105263,Auber,19.629,52.404,588.3421052631579
aubervilliers-pantin-quatre-chemins,1,0.0,0.0,0.0,0.0,0.0,0.0,1.0,1.0,Aubervilliers — Pantin — Quatre Chemins,23.686,54.587,492.0
avenue-du-president-kennedy,1,0.0,0.0,1.0,1.0,0.0,0.0,0.0,0.0,Avenue du Président Kennedy,16.63,51.278,792.0
avenue-emile-zola,3,0.0,0.0,1.0,0.3333333333333333,2.0,0.6666666666666666,0.0,0.0,Avenue Émile Zola,17.568,50.893,182.0
avron,4,0.0,0.0,1.0,0.25,3.0,0.75,0.0,0.0,Avron,23.749,51.151,385.5
balard,5,0.0,0.0,2.0,0.4,3.0,0.6,0.0,0.0,Balard,16.525,50.22,574.0
barbes-rochechouart,29,1.0,0.034482758620689655,7.0,0.2413793103448276,21.0,0.7241379310344828,0.0,0.0,Barbès — Rochechouart,20.801,53.094,435.0344827586207
bastille,53,0.0,0.0,16.0,0.3018867924528302,27.0,0.5094339622641509,10.0,0.18867924528301888,Bastille,22.019,51.195,332.1509433962264
bel-air,10,0.0,0.0,3.0,0.3,5.0,0.5,2.0,0.2,Bel-Air,23.899,50.554,468.8
belleville,16,2.0,0.125,6.0,0.375,8.0,0.5,0.0,0.0,Belleville,22.462,52.401,464.0
berault,6,0.0,0.0,3.0,0.5,2.0,0.3333333333333333,1.0,0.16666666666666666,Bérault,25.559,50.806,263.1666666666667
bercy,25,0.0,0.0,7.0,0.28,17.0,0.68,1.0,0.04,Bercy,22.591,50.502,399.36
bibliotheque-francois-mitterand,23,0.0,0.0,5.0,0.21739130434782608,16.0,0.6956521739130435,2.0,0.08695652173913043,Bibliothèque François Mitterand,22.461,49.912,521.6086956521739
bir-hakeim,4,0.0,0.0,1.0,0.25,3.0,0.75,0.0,0.0,Bir-Hakeim,17.194,51.313,403.0
blanche,7,0.0,0.0,3.0,0.42857142857142855,2.0,0.2857142857142857,2.0,0.2857142857142857,Blanche,19.791,53.101,509.14285714285717
bobigny-pablo-picasso,2,0.0,0.0,1.0,0.5,0.0,0.0,1.0,0.5,Bobigny — Pablo Picasso,25.398,53.806,409.5
boissiere,3,0.0,0.0,0.0,0.0,3.0,1.0,0.0,0.0,Boissière,17.233,52.08,463.0
bonne-nouvelle,14,0.0,0.0,4.0,0.2857142857142857,9.0,0.6428571428571429,1.0,0.07142857142857142,Bonne Nouvelle,20.681,52.317,426.57142857142856
botzaris,2,0.0,0.0,0.0,0.0,2.0,1.0,0.0,0.0,Botzaris,23.206,52.847,469.0
boucicaut,2,0.0,0.0,0.0,0.0,2.0,1.0,0.0,0.0,Boucicaut,17.113,50.536,311.5
boulevard-victor-pont-du-garigliano,3,0.0,0.0,1.0,0.3333333333333333,2.0,0.6666666666666666,0.0,0.0,Boulevard Victor — Pont du Garigliano,16.061,50.411,234.66666666666666
boulogne-jean-jaures,8,0.0,0.0,1.0,0.125,7.0,0.875,0.0,0.0,Boulogne — Jean Jaurès,14.163,50.589,420.75
boulogne-pont-de-saint-cloud,4,0.0,0.0,2.0,0.5,2.0,0.5,0.0,0.0,Boulogne — Pont de Saint-Cloud,13.548,50.519,319.75
bourse,5,0.0,0.0,2.0,0.4,3.0,0.6,0.0,0.0,Bourse,20.289,52.197,287.6
brochant,6,0.0,0.0,1.0,0.16666666666666666,3.0,0.5,2.0,0.3333333333333333,Brochant,19.047,53.51,453.3333333333333
buzenval,3,0.0,0.0,2.0,0.6666666666666666,1.0,0.3333333333333333,0.0,0.0,Buzenval,23.926,51.183,169.66666666666666
cadet,5,0.0,0.0,0.0,0.0,4.0,0.8,1.0,0.2,Cadet,20.51,52.634,705.6
cambronne,1,0.0,0.0,0.0,0.0,1.0,1.0,0.0,0.0,Cambronne,18.018,50.922,382.0
campo-formio,4,0.0,0.0,1.0,0.25,3.0,0.75,0.0,0.0,Campo-Formio,21.346,50.205,503.5
cardinal-lemoine,2,0.0,0.0,1.0,0.5,1.0,0.5,0.0,0.0,Cardinal Lemoine,20.926,50.874,255.5
censier-daubenton,10,0.0,0.0,3.0,0.3,7.0,0.7,0.0,0.0,Censier — Daubenton,20.931,50.475,477.4
champ-de-mars-tour-eiffel,6,0.0,0.0,1.0,0.16666666666666666,5.0,0.8333333333333334,0.0,0.0,Champ de Mars — Tour Eiffel,17.289,51.527,317.5
champs-elysees-clemenceau,34,0.0,0.0,9.0,0.2647058823529412,21.0,0.6176470588235294,4.0,0.11764705882352941,Champs-Élysées — Clemenceau,18.678,52.125,491.2647058823529
charenton-ecoles,7,0.0,0.0,1.0,0.14285714285714285,5.0,0.7142857142857143,1.0,0.14285714285714285,Charenton — Écoles,24.696,49.348,444.57142857142856
charles-de-gaulle-etoile,73,0.0,0.0,27.0,0.3698630136986301,41.0,0.5616438356164384,5.0,0.0684931506849315,Charles de Gaulle — Étoile,17.617,52.515,531.9041095890411
charles-michels,5,0.0,0.0,4.0,0.8,1.0,0.2,0.0,0.0,Charles Michels,16.99,50.868,234.6
charonne,6,1.0,0.16666666666666666,4.0,0.6666666666666666,0.0,0.0,1.0,0.16666666666666666,Charonne,22.974,51.351,435.5
chateau-deau,5,0.0,0.0,1.0,0.2,3.0,0.6,1.0,0.2,Château d'Eau,21.195,52.408,263.0
chateau-de-vincennes,7,0.0,0.0,1.0,0.14285714285714285,5.0,0.7142857142857143,1.0,0.14285714285714285,Château de Vincennes,26.192,50.745,493.2857142857143
chateau-landon,3,0.0,0.0,2.0,0.6666666666666666,1.0,0.3333333333333333,0.0,0.0,Château-Landon,21.579,52.813,372.0
chateau-rouge,11,0.0,0.0,3.0,0.2727272727272727,7.0,0.6363636363636364,1.0,0.09090909090909091,Château Rouge,20.809,53.314,483.1818181818182
chatelet,113,2.0,0.017699115044247787,27.0,0.23893805309734514,66.0,0.584070796460177,18.0,0.1592920353982301,Châtelet,20.633,51.613,486.6371681415929
chatelet-les-halles,110,0.0,0.0,27.0,0.24545454545454545,72.0,0.6545454545454545,11.0,0.1,Châtelet — Les Halles,20.689,51.738,499.3
chatillon-montrouge,13,0.0,0.0,2.0,0.15384615384615385,10.0,0.7692307692307693,1.0,0.07692307692307693,Châtillon — Montrouge,17.931,48.711,544.6153846153846
chaussee-dantin-la-fayette,21,0.0,0.0,4.0,0.19047619047619047,13.0,0.6190476190476191,4.0,0.19047619047619047,Chaussée d'Antin — La Fayette,19.834,52.451,361.57142857142856
chemin-vert,2,0.0,0.0,1.0,0.5,1.0,0.5,0.0,0.0,Chemin Vert,21.926,51.528,281.5
cite,4,0.0,0.0,2.0,0.5,2.0,0.5,0.0,0.0,Cité,20.695,51.4,499.75
cite-universitaire,17,0.0,0.0,3.0,0.17647058823529413,14.0,0.8235294117647058,0.0,0.0,Cité Universitaire,20.166,49.298,474.52941176470586
cluny-la-sorbonne,5,0.0,0.0,2.0,0.4,3.0,0.6,0.0,0.0,Cluny — La Sorbonne,20.432,51.152,505.8
colonel-fabien,1,0.0,0.0,0.0,0.0,1.0,1.0,0.0,0.0,Colonel Fabien,22.089,52.731,612.0
commerce,3,0.0,0.0,0.0,0.0,2.0,0.6666666666666666,1.0,0.3333333333333333,Commerce,17.478,50.759,487.3333333333333
concorde,44,0.0,0.0,9.0,0.20454545454545456,30.0,0.6818181818181818,5.0,0.11363636363636363,Concorde,19.15,52.06,503.22727272727275
convention,11,0.0,0.0,4.0,0.36363636363636365,7.0,0.6363636363636364,0.0,0.0,Convention,17.627,50.305,350.90909090909093
corentin-cariou,2,0.0,0.0,1.0,0.5,1.0,0.5,0.0,0.0,Corentin Cariou,22.789,53.77,226.0
corentin-celton,4,0.0,0.0,0.0,0.0,4.0,1.0,0.0,0.0,Corentin Celton,16.579,49.693,517.5
corvisart,6,0.0,0.0,1.0,0.16666666666666666,4.0,0.6666666666666666,1.0,0.16666666666666666,Corvisart,20.858,49.861,253.83333333333334
courcelles,2,0.0,0.0,2.0,1.0,0.0,0.0,0.0,0.0,Courcelles,18.032,52.819,485.0
couronnes,8,0.0,0.0,4.0,0.5,4.0,0.5,0.0,0.0,Couronnes,22.691,52.215,426.875
cour-saint-emilion,11,0.0,0.0,4.0,0.36363636363636365,7.0,0.6363636363636364,0.0,0.0,Cour Saint-Emilion,23.007,50.216,533.0
crimee,2,0.0,0.0,0.0,0.0,2.0,1.0,0.0,0.0,Crimée,22.449,53.512,723.0
croix-de-chavaux,6,0.0,0.0,3.0,0.5,2.0,0.3333333333333333,1.0,0.16666666666666666,Croix de Chavaux,26.026,51.554,552.5
danube,1,0.0,0.0,0.0,0.0,1.0,1.0,0.0,0.0,Danube,23.422,52.999,480.0
daumesnil,25,0.0,0.0,4.0,0.16,18.0,0.72,3.0,0.12,Daumesnil,23.594,50.444,483.16
denfert-rochereau,65,0.0,0.0,17.0,0.26153846153846155,43.0,0.6615384615384615,5.0,0.07692307692307693,Denfert-Rochereau,19.76,50.125,441.33846153846156
dugommier,6,0.0,0.0,2.0,0.3333333333333333,4.0,0.6666666666666666,0.0,0.0,Dugommier,23.252,50.418,677.6666666666666
dupleix,3,0.0,0.0,0.0,0.0,3.0,1.0,0.0,0.0,Dupleix,17.454,51.098,257.6666666666667
duroc,10,0.0,0.0,1.0,0.1,9.0,0.9,0.0,0.0,Duroc,18.846,50.882,534.3
ecole-militaire,9,0.0,0.0,0.0,0.0,9.0,1.0,0.0,0.0,École Militaire,18.18,51.337,487.55555555555554
ecole-veterinaire-de-maisons-alfort,6,0.0,0.0,3.0,0.5,2.0,0.3333333333333333,1.0,0.16666666666666666,École Vétérinaire de Maisons-Alfort,25.068,48.998,550.1666666666666
edgar-quinet,5,0.0,0.0,1.0,0.2,4.0,0.8,0.0,0.0,Edgar Quinet,19.36,50.53,315.8
eglise-de-pantin,4,0.0,0.0,0.0,0.0,2.0,0.5,2.0,0.5,Église de Pantin,24.664,53.673,301.75
esplanade-de-la-defense,15,0.0,0.0,2.0,0.13333333333333333,12.0,0.8,1.0,0.06666666666666667,Esplanade de La Défense,14.801,53.367,395.06666666666666
etienne-marcel,5,0.0,0.0,0.0,0.0,5.0,1.0,0.0,0.0,Étienne Marcel,20.788,51.899,486.4
europe,3,0.0,0.0,0.0,0.0,3.0,1.0,0.0,0.0,Europe,19.231,52.804,268.6666666666667
exelmans,2,0.0,0.0,0.0,0.0,2.0,1.0,0.0,0.0,Exelmans,15.448,50.655,325.5
faidherbe-chaligny,1,0.0,0.0,0.0,0.0,1.0,1.0,0.0,0.0,Faidherbe — Chaligny,22.905,51.081,862.0
falguiere,1,0.0,0.0,0.0,0.0,1.0,1.0,0.0,0.0,Falguière,18.9,50.738,511.0
felix-faure,1,0.0,0.0,1.0,1.0,0.0,0.0,0.0,0.0,Félix Faure,17.366,50.637,662.0
filles-du-calvaire,6,0.0,0.0,1.0,0.16666666666666666,5.0,0.8333333333333334,0.0,0.0,Filles du Calvaire,21.846,51.856,254.5
franklin-d-roosevelt,42,0.0,0.0,8.0,0.19047619047619047,30.0,0.7142857142857143,4.0,0.09523809523809523,Franklin D. Roosevelt,18.41,52.21,493.5
gabriel-peri,3,0.0,0.0,2.0,0.6666666666666666,1.0,0.3333333333333333,0.0,0.0,Gabriel Péri,17.59,54.999,143.33333333333334
gaite,6,0.0,0.0,3.0,0.5,3.0,0.5,0.0,0.0,Gaîté,19.185,50.396,458.8333333333333
gallieni,1,0.0,0.0,1.0,1.0,0.0,0.0,0.0,0.0,Gallieni,24.865,51.965,541.0
gambetta,22,0.0,0.0,6.0,0.2727272727272727,12.0,0.5454545454545454,4.0,0.18181818181818182,Gambetta,23.648,51.969,445.3636363636364
gare-dausterlitz,35,1.0,0.02857142857142857,12.0,0.34285714285714286,19.0,0.5428571428571428,3.0,0.08571428571428572,Gare d'Austerlitz,21.819,50.632,317.3142857142857
gare-de-lest,71,0.0,0.0,22.0,0.30985915492957744,46.0,0.647887323943662,3.0,0.04225352112676056,Gare de l'Est,21.331,52.644,524.0281690140845
gare-de-lyon,110,1.0,0.00909090909090909,21.0,0.19090909090909092,83.0,0.7545454545454545,5.0,0.045454545454545456,Gare de Lyon,22.194,50.752,489.1818181818182
gare-du-nord,86,1.0,0.011627906976744186,28.0,0.32558139534883723,48.0,0.5581395348837209,9.0,0.10465116279069768,Gare du Nord,21.123,52.871,449.4651162790698
garibaldi,3,0.0,0.0,0.0,0.0,2.0,0.6666666666666666,1.0,0.3333333333333333,Garibaldi,19.76,54.458,259.0
george-v,4,0.0,0.0,2.0,0.5,2.0,0.5,0.0,0.0,George V,17.876,52.39,620.5
glaciere,7,0.0,0.0,3.0,0.42857142857142855,4.0,0.5714285714285714,0.0,0.0,Glacière,20.447,49.941,396.14285714285717
grands-boulevards,10,0.0,0.0,2.0,0.2,7.0,0.7,1.0,0.1,Grands Boulevards,20.423,52.361,413.5
guy-moquet,12,0.0,0.0,3.0,0.25,6.0,0.5,3.0,0.25,Guy Môquet,19.489,53.653,449.3333333333333
haussmann-saint-lazare,10,0.0,0.0,3.0,0.3,7.0,0.7,0.0,0.0,Haussmann — Saint-Lazare,19.447,52.564,572.4
havre-caumartin,29,0.0,0.0,8.0,0.27586206896551724,14.0,0.4827586206896552,7.0,0.2413793103448276,Havre — Caumartin,19.537,52.486,399.7586206896552
hoche,3,0.0,0.0,2.0,0.6666666666666666,1.0,0.3333333333333333,0.0,0.0,Hoche,24.004,53.547,409.0
hotel-de-ville,30,0.0,0.0,9.0,0.3,19.0,0.6333333333333333,2.0,0.06666666666666667,Hôtel de Ville,20.93,51.519,494.8333333333333
iena,3,0.0,0.0,0.0,0.0,3.0,1.0,0.0,0.0,Iéna,17.477,51.959,363.6666666666667
invalides,35,0.0,0.0,5.0,0.14285714285714285,25.0,0.7142857142857143,5.0,0.14285714285714285,Invalides,18.705,51.783,387.85714285714283
issy,2,0.0,0.0,0.0,0.0,2.0,1.0,0.0,0.0,Issy,15.363,49.255,418.0
issy-val-de-seine,7,0.0,0.0,3.0,0.42857142857142855,4.0,0.5714285714285714,0.0,0.0,Issy — Val de Seine,15.631,49.857,291.85714285714283
jacques-bonsergent,4,0.0,0.0,1.0,0.25,3.0,0.75,0.0,0.0,Jacques Bonsergent,21.497,52.33,254.0
jasmin,5,0.0,0.0,0.0,0.0,5.0,1.0,0.0,0.0,Jasmin,15.928,51.223,394.8
jaures,22,0.0,0.0,12.0,0.5454545454545454,6.0,0.2727272727272727,4.0,0.18181818181818182,Jaurès,22.058,52.968,306.0
javel,2,0.0,0.0,0.0,0.0,2.0,1.0,0.0,0.0,Javel,16.465,50.856,605.0
javel-andre-citroen,7,0.0,0.0,3.0,0.42857142857142855,2.0,0.2857142857142857,2.0,0.2857142857142857,Javel — André Citroën,16.48,50.839,505.14285714285717
jules-joffrin,2,0.0,0.0,0.0,0.0,2.0,1.0,0.0,0.0,Jules Joffrin,20.525,53.618,603.0
jussieu,12,1.0,0.08333333333333333,1.0,0.08333333333333333,9.0,0.75,1.0,0.08333333333333333,Jussieu,21.126,50.847,361.0833333333333
kleber,3,0.0,0.0,0.0,0.0,3.0,1.0,0.0,0.0,Kléber,17.429,52.348,302.0
la-chapelle,16,0.0,0.0,6.0,0.375,8.0,0.5,2.0,0.125,La Chapelle,21.456,53.137,454.75
la-defense,87,0.0,0.0,24.0,0.27586206896551724,62.0,0.7126436781609196,1.0,0.011494252873563218,La Défense,14.18,53.563,467.6666666666667
la-fourche,13,0.0,0.0,5.0,0.38461538461538464,5.0,0.38461538461538464,3.0,0.23076923076923078,La Fourche,19.376,53.321,360.3076923076923
la-motte-picquet-grenelle,46,1.0,0.021739130434782608,16.0,0.34782608695652173,27.0,0.5869565217391305,2.0,0.043478260869565216,La Motte-Picquet — Grenelle,17.775,50.997,437.2173913043478
la-muette,5,0.0,0.0,1.0,0.2,4.0,0.8,0.0,0.0,La Muette,16.289,51.556,405.4
la-tour-maubourg,1,0.0,0.0,0.0,0.0,1.0,1.0,0.0,0.0,La Tour-Maubourg,18.487,51.541,156.0
laumiere,3,0.0,0.0,0.0,0.0,3.0,1.0,0.0,0.0,Laumière,22.614,53.18,512.3333333333334
ledru-rollin,3,0.0,0.0,0.0,0.0,3.0,1.0,0.0,0.0,Ledru-Rollin,22.412,51.148,417.3333333333333
le-kremlin-bicetre,7,0.0,0.0,1.0,0.14285714285714285,6.0,0.8571428571428571,0.0,0.0,Le Kremlin-Bicêtre,21.568,48.66,390.42857142857144
le-peletier,5,1.0,0.2,1.0,0.2,3.0,0.6,0.0,0.0,Le Peletier,20.237,52.563,255.4
les-gobelins,9,0.0,0.0,4.0,0.4444444444444444,4.0,0.4444444444444444,1.0,0.1111111111111111,Les Gobelins,20.99,50.225,469.3333333333333
les-halles,29,0.0,0.0,10.0,0.3448275862068966,15.0,0.5172413793103449,4.0,0.13793103448275862,Les Halles,20.664,51.832,422.3103448275862
les-sablons,6,0.0,0.0,3.0,0.5,2.0,0.3333333333333333,1.0,0.16666666666666666,Les Sablons,16.125,52.945,403.0
liberte,6,0.0,0.0,3.0,0.5,3.0,0.5,0.0,0.0,Liberté,24.261,49.625,512.5
liege,6,0.0,0.0,1.0,0.16666666666666666,4.0,0.6666666666666666,1.0,0.16666666666666666,Liège,19.46,52.85,405.6666666666667
louis-blanc,4,0.0,0.0,1.0,0.25,2.0,0.5,1.0,0.25,Louis Blanc,21.776,52.964,357.75
louise-michel,12,0.0,0.0,3.0,0.25,6.0,0.5,3.0,0.25,Louise Michel,17.115,53.404,296.8333333333333
louvre-rivoli,7,0.0,0.0,2.0,0.2857142857142857,5.0,0.7142857142857143,0.0,0.0,Louvre — Rivoli,20.314,51.717,559.1428571428571
luxembourg,7,0.0,0.0,4.0,0.5714285714285714,3.0,0.42857142857142855,0.0,0.0,Luxembourg,20.259,50.867,508.0
mabillon,8,0.0,0.0,2.0,0.25,6.0,0.75,0.0,0.0,Mabillon,19.992,51.251,472.5
madeleine,34,0.0,0.0,7.0,0.20588235294117646,26.0,0.7647058823529411,1.0,0.029411764705882353,Madeleine,19.335,52.24,476.79411764705884
magenta,6,0.0,0.0,0.0,0.0,6.0,1.0,0.0,0.0,Magenta,21.478,52.636,554.0
mairie-de-clichy,9,0.0,0.0,5.0,0.5555555555555556,4.0,0.4444444444444444,0.0,0.0,Mairie de Clichy,18.214,54.246,315.0
mairie-de-montreuil,1,0.0,0.0,0.0,0.0,1.0,1.0,0.0,0.0,Mairie de Montreuil,26.34,51.82,197.0
mairie-de-saint-ouen,6,0.0,0.0,3.0,0.5,3.0,0.5,0.0,0.0,Mairie de Saint-Ouen,19.87,54.788,447.0
mairie-des-lilas,4,0.0,0.0,0.0,0.0,3.0,0.75,1.0,0.25,Mairie des Lilas,24.853,52.871,406.75
mairie-dissy,4,0.0,0.0,1.0,0.25,2.0,0.5,1.0,0.25,Mairie d'Issy,16.209,49.515,330.5
mairie-divry,4,0.0,0.0,2.0,0.5,2.0,0.5,0.0,0.0,Mairie d'Ivry,22.85,48.741,645.75
maison-blanche,9,0.0,0.0,0.0,0.0,7.0,0.7777777777777778,2.0,0.2222222222222222,Maison Blanche,21.35,49.379,326.44444444444446
maisons-alfort-stade,4,0.0,0.0,0.0,0.0,4.0,1.0,0.0,0.0,Maisons-Alfort — Stade,25.854,48.656,448.25
malakoff-plateau-de-vanves,3,0.0,0.0,0.0,0.0,2.0,0.6666666666666666,1.0,0.3333333333333333,Malakoff — Plateau de Vanves,17.754,49.422,305.6666666666667
malakoff-rue-etienne-dolet,2,0.0,0.0,1.0,0.5,1.0,0.5,0.0,0.0,Malakoff — Rue Etienne Dolet,17.649,48.994,741.5
malesherbes,4,0.0,0.0,1.0,0.25,3.0,0.75,0.0,0.0,Malesherbes,18.394,53.052,371.5
maraichers,6,0.0,0.0,2.0,0.3333333333333333,4.0,0.6666666666666666,0.0,0.0,Maraîchers,24.21,51.236,682.3333333333334
marcadet-poissonniers,10,0.0,0.0,3.0,0.3,7.0,0.7,0.0,0.0,Marcadet — Poissonniers,20.815,53.534,593.0
marcel-sembat,16,0.0,0.0,3.0,0.1875,13.0,0.8125,0.0,0.0,Marcel Sembat,14.468,50.101,533.5
marx-dormoy,4,0.0,0.0,3.0,0.75,1.0,0.25,0.0,0.0,Marx Dormoy,21.437,53.509,486.75
maubert-mutualite,6,0.0,0.0,1.0,0.16666666666666666,5.0,0.8333333333333334,0.0,0.0,Maubert — Mutualité,20.718,51.084,636.0
menilmontant,5,0.0,0.0,1.0,0.2,4.0,0.8,0.0,0.0,Ménilmontant,22.836,52.09,633.8
michel-ange-auteuil,14,1.0,0.07142857142857142,6.0,0.42857142857142855,6.0,0.42857142857142855,1.0,0.07142857142857142,Michel-Ange — Auteuil,15.687,50.951,487.14285714285717
michel-ange-molitor,9,0.0,0.0,3.0,0.3333333333333333,4.0,0.4444444444444444,2.0,0.2222222222222222,Michel-Ange — Molitor,15.551,50.785,354.1111111111111
michel-bizot,2,0.0,0.0,0.0,0.0,2.0,1.0,0.0,0.0,Michel Bizot,23.973,50.305,862.0
miromesnil,38,0.0,0.0,7.0,0.18421052631578946,29.0,0.7631578947368421,2.0,0.05263157894736842,Miromesnil,18.774,52.503,455.63157894736844
monceau,2,0.0,0.0,1.0,0.5,1.0,0.5,0.0,0.0,Monceau,18.375,52.902,516.5
montgallet,4,0.0,0.0,1.0,0.25,3.0,0.75,0.0,0.0,Montgallet,23.261,50.725,341.75
montparnasse-bienvenue,149,3.0,0.020134228187919462,44.0,0.2953020134228188,90.0,0.6040268456375839,12.0,0.08053691275167785,Montparnasse — Bienvenüe,19.098,50.618,491.3758389261745
mouton-duvernet,2,0.0,0.0,0.0,0.0,2.0,1.0,0.0,0.0,Mouton-Duvernet,19.617,49.936,286.0
musee-dorsay,2,0.0,0.0,1.0,0.5,1.0,0.5,0.0,0.0,Musée d'Orsay,19.363,51.717,234.5
nation,113,0.0,0.0,38.0,0.336283185840708,61.0,0.5398230088495575,14.0,0.12389380530973451,Nation,23.529,50.959,448.76106194690266
nationale,1,0.0,0.0,0.0,0.0,1.0,1.0,0.0,0.0,Nationale,21.611,50.065,641.0
neuilly-porte-maillot,4,0.0,0.0,1.0,0.25,2.0,0.5,1.0,0.25,Neuilly — Porte Maillot,16.852,52.686,352.0
notre-dame-de-lorette,6,0.0,0.0,2.0,0.3333333333333333,4.0,0.6666666666666666,0.0,0.0,Notre-Dame-de-Lorette,20.177,52.63,527.8333333333334
notre-dame-des-champs,9,0.0,0.0,3.0,0.3333333333333333,6.0,0.6666666666666666,0.0,0.0,Notre-Dame-des-Champs,19.559,50.789,625.2222222222222
oberkampf,16,1.0,0.0625,2.0,0.125,12.0,0.75,1.0,0.0625,Oberkampf,22.046,51.898,386.3125
odeon,38,0.0,0.0,13.0,0.34210526315789475,23.0,0.6052631578947368,2.0,0.05263157894736842,Odéon,20.253,51.197,399.6842105263158
olympiades,9,0.0,0.0,1.0,0.1111111111111111,7.0,0.7777777777777778,1.0,0.1111111111111111,Olympiades,21.799,49.711,539.0
opera,62,1.0,0.016129032258064516,23.0,0.3709677419354839,34.0,0.5483870967741935,4.0,0.06451612903225806,Opéra,19.788,52.298,409.7903225806452
ourcq,2,0.0,0.0,0.0,0.0,2.0,1.0,0.0,0.0,Ourcq,23.052,53.299,656.0
palais-royal-musee-du-louvre,17,0.0,0.0,5.0,0.29411764705882354,11.0,0.6470588235294118,1.0,0.058823529411764705,Palais Royal — Musée du Louvre,20.038,51.807,404.6470588235294
parmentier,10,0.0,0.0,2.0,0.2,8.0,0.8,0.0,0.0,Parmentier,22.326,51.986,364.3
passy,8,0.0,0.0,3.0,0.375,4.0,0.5,1.0,0.125,Passy,16.988,51.52,408.125
pasteur,28,1.0,0.03571428571428571,5.0,0.17857142857142858,20.0,0.7142857142857143,2.0,0.07142857142857142,Pasteur,18.599,50.646,443.64285714285717
pelleport,1,0.0,0.0,1.0,1.0,0.0,0.0,0.0,0.0,Pelleport,23.931,52.172,502.0
pereire,9,0.0,0.0,3.0,0.3333333333333333,6.0,0.6666666666666666,0.0,0.0,Pereire,17.728,53.159,250.33333333333334
pere-lachaise,15,0.0,0.0,7.0,0.4666666666666667,7.0,0.4666666666666667,1.0,0.06666666666666667,Père Lachaise,23.09,51.852,392.6666666666667
pernety,3,0.0,0.0,1.0,0.3333333333333333,1.0,0.3333333333333333,1.0,0.3333333333333333,Pernety,18.928,50.111,820.6666666666666
philippe-auguste,5,0.0,0.0,1.0,0.2,4.0,0.8,0.0,0.0,Philippe Auguste,23.224,51.582,581.8
picpus,3,0.0,0.0,2.0,0.6666666666666666,1.0,0.3333333333333333,0.0,0.0,Picpus,23.942,50.775,367.6666666666667
pierre-curie,1,0.0,0.0,0.0,0.0,1.0,1.0,0.0,0.0,Pierre Curie,22.477,49.028,497.0
pigalle,24,1.0,0.041666666666666664,11.0,0.4583333333333333,10.0,0.4166666666666667,2.0,0.08333333333333333,Pigalle,20.082,53.012,373.0416666666667
place-de-clichy,50,2.0,0.04,18.0,0.36,22.0,0.44,8.0,0.16,Place de Clichy,19.474,53.085,448.98
place-des-fetes,4,0.0,0.0,0.0,0.0,4.0,1.0,0.0,0.0,Place des Fêtes,23.412,52.675,304.0
place-ditalie,70,2.0,0.02857142857142857,21.0,0.3,41.0,0.5857142857142857,6.0,0.08571428571428572,Place d'Italie,21.131,49.981,447.25714285714287
place-monge,7,0.0,0.0,2.0,0.2857142857142857,3.0,0.42857142857142855,2.0,0.2857142857142857,Place Monge,20.969,50.643,435.85714285714283
plaisance,10,0.0,0.0,3.0,0.3,7.0,0.7,0.0,0.0,Plaisance,18.685,49.981,515.1
poissonniere,3,0.0,0.0,1.0,0.3333333333333333,2.0,0.6666666666666666,0.0,0.0,Poissonnière,20.794,52.708,589.6666666666666
pont-de-lalma,3,0.0,0.0,0.0,0.0,2.0,0.6666666666666666,1.0,0.3333333333333333,Pont de l'Alma,17.916,51.825,509.3333333333333
pont-de-levallois-becon,8,0.0,0.0,2.0,0.25,5.0,0.625,1.0,0.125,Pont de Levallois — Bécon,16.61,53.956,488.375
pont-de-neuilly,7,0.0,0.0,1.0,0.14285714285714285,6.0,0.8571428571428571,0.0,0.0,Pont de Neuilly,15.448,53.163,399.0
pont-de-sevres,17,0.0,0.0,1.0,0.058823529411764705,16.0,0.9411764705882353,0.0,0.0,Pont de Sèvres,13.73,49.865,484.3529411764706
pont-marie,5,0.0,0.0,2.0,0.4,2.0,0.4,1.0,0.2,Pont Marie,21.313,51.296,264.0
pont-neuf,1,0.0,0.0,1.0,1.0,0.0,0.0,0.0,0.0,Pont Neuf,20.39,51.586,50.0
porte-dauphine,1,0.0,0.0,1.0,1.0,0.0,0.0,0.0,0.0,Porte Dauphine,16.431,52.362,698.0
porte-dauteuil,4,0.0,0.0,2.0,0.5,2.0,0.5,0.0,0.0,Porte d'Auteuil,15.322,50.907,195.25
porte-de-bagnolet,11,0.0,0.0,2.0,0.18181818181818182,7.0,0.6363636363636364,2.0,0.18181818181818182,Porte de Bagnolet,24.338,51.943,231.63636363636363
porte-de-champerret,6,0.0,0.0,2.0,0.3333333333333333,4.0,0.6666666666666666,0.0,0.0,Porte de Champerret,17.383,53.207,470.8333333333333
porte-de-charenton,3,0.0,0.0,0.0,0.0,2.0,0.6666666666666666,1.0,0.3333333333333333,Porte de Charenton,23.753,49.993,314.6666666666667
porte-de-choisy,3,0.0,0.0,0.0,0.0,3.0,1.0,0.0,0.0,Porte de Choisy,21.732,49.275,580.6666666666666
porte-de-clichy,6,0.0,0.0,0.0,0.0,6.0,1.0,0.0,0.0,Porte de Clichy,18.685,53.715,321.6666666666667
porte-de-la-chapelle,1,0.0,0.0,0.0,0.0,0.0,0.0,1.0,1.0,Porte de la Chapelle,21.388,53.941,754.0
porte-de-la-villette,4,0.0,0.0,3.0,0.75,1.0,0.25,0.0,0.0,Porte de la Villette,23.029,53.979,283.75
porte-de-montreuil,1,0.0,0.0,0.0,0.0,1.0,1.0,0.0,0.0,Porte de Montreuil,24.483,51.286,938.0
porte-de-pantin,5,0.0,0.0,0.0,0.0,4.0,0.8,1.0,0.2,Porte de Pantin,23.399,53.398,397.8
porte-de-saint-cloud,11,0.0,0.0,1.0,0.09090909090909091,8.0,0.7272727272727273,2.0,0.18181818181818182,Porte de Saint-Cloud,15.269,50.363,370.0
porte-de-saint-ouen,3,0.0,0.0,0.0,0.0,3.0,1.0,0.0,0.0,Porte de Saint-Ouen,19.587,53.93,250.33333333333334
porte-des-lilas,11,1.0,0.09090909090909091,3.0,0.2727272727272727,7.0,0.6363636363636364,0.0,0.0,Porte des Lilas,24.238,52.699,477.72727272727275
porte-de-vanves,9,0.0,0.0,3.0,0.3333333333333333,1.0,0.1111111111111111,5.0,0.5555555555555556,Porte de Vanves,18.121,49.734,341.1111111111111
porte-de-versailles,12,0.0,0.0,3.0,0.25,9.0,0.75,0.0,0.0,Porte de Versailles,17.107,50.007,499.75
porte-de-vincennes,7,0.0,0.0,2.0,0.2857142857142857,5.0,0.7142857142857143,0.0,0.0,Porte de Vincennes,24.361,50.907,346.85714285714283
porte-ditalie,5,0.0,0.0,1.0,0.2,4.0,0.8,0.0,0.0,Porte d'Italie,21.398,49.227,300.4
porte-divry,3,0.0,0.0,1.0,0.3333333333333333,2.0,0.6666666666666666,0.0,0.0,Porte d'Ivry,21.987,49.357,397.0
porte-doree,3,0.0,0.0,0.0,0.0,3.0,1.0,0.0,0.0,Porte Dorée,24.236,50.209,490.3333333333333
porte-dorleans,19,0.0,0.0,6.0,0.3157894736842105,13.0,0.6842105263157895,0.0,0.0,Porte d'Orléans,19.359,49.464,510.2105263157895
porte-maillot,17,0.0,0.0,3.0,0.17647058823529413,13.0,0.7647058823529411,1.0,0.058823529411764705,Porte Maillot,16.89,52.702,475.6470588235294
port-royal,1,0.0,0.0,0.0,0.0,1.0,1.0,0.0,0.0,Port-Royal,20.039,50.464,491.0
pyramides,11,0.0,0.0,3.0,0.2727272727272727,7.0,0.6363636363636364,1.0,0.09090909090909091,Pyramides,19.892,52.041,658.7272727272727
pyrenees,11,0.0,0.0,4.0,0.36363636363636365,6.0,0.5454545454545454,1.0,0.09090909090909091,Pyrénées,22.966,52.506,425.27272727272725
quai-de-la-gare,7,0.0,0.0,3.0,0.42857142857142855,4.0,0.5714285714285714,0.0,0.0,Quai de la Gare,22.214,50.294,324.2857142857143
quai-de-la-rapee,2,0.0,0.0,0.0,0.0,2.0,1.0,0.0,0.0,Quai de la Rapée,21.786,50.871,586.5
quatre-septembre,7,0.0,0.0,4.0,0.5714285714285714,3.0,0.42857142857142855,0.0,0.0,Quatre-Septembre,19.991,52.252,402.57142857142856
rambuteau,13,0.0,0.0,6.0,0.46153846153846156,4.0,0.3076923076923077,3.0,0.23076923076923078,Rambuteau,21.046,51.742,436.7692307692308
ranelagh,2,0.0,0.0,1.0,0.5,1.0,0.5,0.0,0.0,Ranelagh,16.051,51.402,399.5
raspail,12,0.0,0.0,4.0,0.3333333333333333,7.0,0.5833333333333334,1.0,0.08333333333333333,Raspail,19.693,50.399,484.25
reaumur-sebastopol,20,0.0,0.0,8.0,0.4,8.0,0.4,4.0,0.2,Réaumur — Sébastopol,20.987,52.046,405.3
rennes,5,0.0,0.0,1.0,0.2,4.0,0.8,0.0,0.0,Rennes,19.509,50.96,421.4
republique,100,2.0,0.02,32.0,0.32,52.0,0.52,14.0,0.14,République,21.748,52.09,392.8
reuilly-diderot,10,0.0,0.0,2.0,0.2,7.0,0.7,1.0,0.1,Reuilly — Diderot,23.052,50.913,541.8
richard-lenoir,1,0.0,0.0,0.0,0.0,1.0,1.0,0.0,0.0,Richard-Lenoir,22.202,51.691,254.0
richelieu-drouot,9,0.0,0.0,7.0,0.7777777777777778,2.0,0.2222222222222222,0.0,0.0,Richelieu — Drouot,20.22,52.391,463.0
riquet,3,0.0,0.0,0.0,0.0,2.0,0.6666666666666666,1.0,0.3333333333333333,Riquet,22.285,53.381,497.3333333333333
robespierre,5,0.0,0.0,1.0,0.2,4.0,0.8,0.0,0.0,Robespierre,25.22,51.416,354.8
rome,3,0.0,0.0,0.0,0.0,2.0,0.6666666666666666,1.0,0.3333333333333333,Rome,19.116,53.007,396.0
rue-de-la-pompe,11,0.0,0.0,3.0,0.2727272727272727,8.0,0.7272727272727273,0.0,0.0,Rue de la Pompe,16.485,51.912,389.0
rue-des-boulets,3,0.0,0.0,0.0,0.0,3.0,1.0,0.0,0.0,Rue des Boulets,23.216,51.203,312.0
rue-du-bac,5,0.0,0.0,0.0,0.0,5.0,1.0,0.0,0.0,Rue du Bac,19.373,51.434,413.8
rue-saint-maur,8,0.0,0.0,2.0,0.25,6.0,0.75,0.0,0.0,Rue Saint-Maur,22.602,51.933,614.75
saint-ambroise,5,0.0,0.0,2.0,0.4,3.0,0.6,0.0,0.0,Saint-Ambroise,22.343,51.727,303.6
saint-augustin,10,1.0,0.1,1.0,0.1,7.0,0.7,1.0,0.1,Saint-Augustin,19.069,52.555,545.9
saint-fargeau,4,0.0,0.0,0.0,0.0,3.0,0.75,1.0,0.25,Saint-Fargeau,24.112,52.375,409.5
saint-francois-xavier,2,0.0,0.0,2.0,1.0,0.0,0.0,0.0,0.0,Saint-François-Xavier,18.703,51.139,296.0
saint-georges,1,0.0,0.0,1.0,1.0,0.0,0.0,0.0,0.0,Saint-Georges,20.093,52.779,49.0
saint-germain-des-pres,6,0.0,0.0,3.0,0.5,3.0,0.5,0.0,0.0,Saint-Germain-des-Prés,19.829,51.295,406.3333333333333
saint-jacques,5,1.0,0.2,1.0,0.2,3.0,0.6,0.0,0.0,Saint-Jacques,20.07,50.046,475.2
saint-lazare,175,1.0,0.005714285714285714,61.0,0.3485714285714286,99.0,0.5657142857142857,14.0,0.08,Saint-Lazare,19.436,52.614,452.0342857142857
saint-mande,13,0.0,0.0,2.0,0.15384615384615385,9.0,0.6923076923076923,2.0,0.15384615384615385,Saint-Mandé,24.905,50.86,391.38461538461536
saint-marcel,2,0.0,0.0,0.0,0.0,1.0,0.5,1.0,0.5,Saint-Marcel,21.503,50.401,272.0
saint-michel,24,0.0,0.0,7.0,0.2916666666666667,15.0,0.625,2.0,0.08333333333333333,Saint-Michel,20.478,51.285,429.3333333333333
saint-paul,15,0.0,0.0,6.0,0.4,5.0,0.3333333333333333,4.0,0.26666666666666666,Saint-Paul,21.429,51.397,484.93333333333334
saint-philippe-du-roule,6,0.0,0.0,0.0,0.0,5.0,0.8333333333333334,1.0,0.16666666666666666,Saint-Philippe-du-Roule,18.438,52.422,400.6666666666667
saint-placide,11,0.0,0.0,3.0,0.2727272727272727,7.0,0.6363636363636364,1.0,0.09090909090909091,Saint-Placide,19.448,50.886,546.7272727272727
saint-sebastien-froissart,4,0.0,0.0,0.0,0.0,1.0,0.25,3.0,0.75,Saint-Sébastien — Froissart,21.874,51.745,152.5
saint-sulpice,8,0.0,0.0,3.0,0.375,5.0,0.625,0.0,0.0,Saint-Sulpice,19.707,51.165,445.625
segur,3,1.0,0.3333333333333333,1.0,0.3333333333333333,1.0,0.3333333333333333,0.0,0.0,Ségur,18.213,50.95,209.0
sentier,8,0.0,0.0,2.0,0.25,3.0,0.375,3.0,0.375,Sentier,20.593,52.13,341.0
sevres-babylone,26,1.0,0.038461538461538464,6.0,0.23076923076923078,19.0,0.7307692307692307,0.0,0.0,Sèvres — Babylone,19.444,51.163,484.53846153846155
sevres-lecourbe,6,0.0,0.0,2.0,0.3333333333333333,4.0,0.6666666666666666,0.0,0.0,Sèvres — Lecourbe,18.412,50.809,215.16666666666666
simplon,8,0.0,0.0,3.0,0.375,3.0,0.375,2.0,0.25,Simplon,20.685,53.723,421.75
solferino,2,0.0,0.0,0.0,0.0,2.0,1.0,0.0,0.0,Solférino,19.202,51.6,599.5
stalingrad,18,0.0,0.0,7.0,0.3888888888888889,8.0,0.4444444444444444,3.0,0.16666666666666666,Stalingrad,21.818,53.127,485.5
strasbourg-saint-denis,26,3.0,0.11538461538461539,4.0,0.15384615384615385,17.0,0.6538461538461539,2.0,0.07692307692307693,Strasbourg — Saint-Denis,21.098,52.231,548.3076923076923
telegraphe,7,0.0,0.0,1.0,0.14285714285714285,5.0,0.7142857142857143,1.0,0.14285714285714285,Télégraphe,23.793,52.601,378.42857142857144
ternes,5,0.0,0.0,1.0,0.2,4.0,0.8,0.0,0.0,Ternes,17.728,52.761,354.8
tolbiac,6,0.0,0.0,2.0,0.3333333333333333,4.0,0.6666666666666666,0.0,0.0,Tolbiac,21.265,49.642,542.0
trinite-destienne-dorves,2,0.0,0.0,1.0,0.5,1.0,0.5,0.0,0.0,Trinité — d'Estienne d'Orves,19.783,52.663,227.0
trocadero,19,0.0,0.0,4.0,0.21052631578947367,13.0,0.6842105263157895,2.0,0.10526315789473684,Trocadéro,17.077,51.863,598.5263157894736
tuileries,4,0.0,0.0,0.0,0.0,4.0,1.0,0.0,0.0,Tuileries,19.632,51.939,347.5
vaneau,1,0.0,0.0,0.0,0.0,1.0,1.0,0.0,0.0,Vaneau,19.095,50.988,925.0
varenne,2,0.0,0.0,2.0,1.0,0.0,0.0,0.0,0.0,Varenne,18.743,51.447,409.0
vaugirard,10,0.0,0.0,0.0,0.0,8.0,0.8,2.0,0.2,Vaugirard,17.909,50.443,440.3
vavin,2,0.0,0.0,0.0,0.0,2.0,1.0,0.0,0.0,Vavin,19.608,50.594,529.5
victor-hugo,1,0.0,0.0,0.0,0.0,0.0,0.0,1.0,1.0,Victor Hugo,16.973,52.268,230.0
villejuif-leo-lagrange,1,0.0,0.0,0.0,0.0,1.0,1.0,0.0,0.0,Villejuif — Léo Lagrange,21.664,48.354,72.0
villiers,47,0.0,0.0,6.0,0.1276595744680851,30.0,0.6382978723404256,11.0,0.23404255319148937,Villiers,18.813,52.949,377.6170212765957
vincennes,12,0.0,0.0,4.0,0.3333333333333333,6.0,0.5,2.0,0.16666666666666666,Vincennes,25.817,50.913,392.75
volontaires,4,0.0,0.0,3.0,0.75,1.0,0.25,0.0,0.0,Volontaires,18.316,50.561,307.5
voltaire,11,0.0,0.0,1.0,0.09090909090909091,5.0,0.45454545454545453,5.0,0.45454545454545453,Voltaire,22.64,51.559,374.8181818181818
wagram,6,0.0,0.0,0.0,0.0,5.0,0.8333333333333334,1.0,0.16666666666666666,Wagram,18.074,53.108,449.5
